,loss,accuracy,precision,recall,tp,tn,fp,fn,val_loss,val_accuracy,val_precision,val_recall,val_tp,val_tn,val_fp,val_fn
0,0.5985812544822693,0.7511682510375977,0.4716981053352356,0.21008403599262238,50.0,777.0,56.0,188.0,1.203546404838562,0.7906976938247681,0.0,0.0,0.0,170.0,0.0,45.0
1,0.5380280613899231,0.7873831987380981,0.5901639461517334,0.1865285038948059,36.0,638.0,25.0,157.0,0.5262609720230103,0.7813953757286072,0.25,0.02222222276031971,1.0,167.0,3.0,44.0
2,0.5259868502616882,0.7943925261497498,0.6349206566810608,0.20725388824939728,40.0,640.0,23.0,153.0,0.6132916808128357,0.6930232644081116,0.3478260934352875,0.5333333611488342,24.0,125.0,45.0,21.0
3,0.510934591293335,0.7967289686203003,0.5979381203651428,0.30051812529563904,58.0,624.0,39.0,135.0,0.5398874878883362,0.7906976938247681,0.0,0.0,0.0,170.0,0.0,45.0
4,0.5029999017715454,0.8154205679893494,0.6966292262077332,0.3212435245513916,62.0,636.0,27.0,131.0,0.5158777236938477,0.8186046481132507,0.574999988079071,0.5111111402511597,23.0,153.0,17.0,22.0
5,0.48976045846939087,0.8154205679893494,0.6495726704597473,0.393782377243042,76.0,622.0,41.0,117.0,0.4989955723285675,0.8325581550598145,0.6551724076271057,0.42222222685813904,19.0,160.0,10.0,26.0
6,0.47195541858673096,0.8422897458076477,0.7301587462425232,0.47668394446372986,92.0,629.0,34.0,101.0,0.48287728428840637,0.8325581550598145,0.7368420958518982,0.31111112236976624,14.0,165.0,5.0,31.0
7,0.47562623023986816,0.8282710313796997,0.6642857193946838,0.4818652868270874,93.0,616.0,47.0,100.0,0.48241710662841797,0.8093023300170898,0.699999988079071,0.15555556118488312,7.0,167.0,3.0,38.0
8,0.4614679515361786,0.8574766516685486,0.7414966225624084,0.5647668242454529,109.0,625.0,38.0,84.0,0.4945333003997803,0.800000011920929,0.75,0.06666667014360428,3.0,169.0,1.0,42.0
9,0.4629725515842438,0.855140209197998,0.7633587718009949,0.5181347131729126,100.0,632.0,31.0,93.0,0.4818587303161621,0.8372092843055725,0.9166666865348816,0.24444444477558136,11.0,169.0,1.0,34.0
10,0.451227605342865,0.8574766516685486,0.7320261597633362,0.5803108811378479,112.0,622.0,41.0,81.0,0.5031956434249878,0.8232558369636536,0.6521739363670349,0.3333333432674408,15.0,162.0,8.0,30.0
11,0.44585949182510376,0.8621495366096497,0.7358490824699402,0.606217622756958,117.0,621.0,42.0,76.0,0.5101476907730103,0.8232558369636536,0.5945945978164673,0.4888888895511627,22.0,155.0,15.0,23.0
12,0.44364771246910095,0.8656542301177979,0.7532467246055603,0.6010362505912781,116.0,625.0,38.0,77.0,0.49827006459236145,0.8186046481132507,0.5882353186607361,0.4444444477558136,20.0,156.0,14.0,25.0
13,0.4396902322769165,0.8679906725883484,0.7597402334213257,0.606217622756958,117.0,626.0,37.0,76.0,0.48811566829681396,0.8325581550598145,0.6666666865348816,0.4000000059604645,18.0,161.0,9.0,27.0
14,0.43799641728401184,0.8761682510375977,0.7701863646507263,0.6424870491027832,124.0,626.0,37.0,69.0,0.47815635800361633,0.8279069662094116,0.699999988079071,0.31111112236976624,14.0,164.0,6.0,31.0
15,0.4380347430706024,0.8633177280426025,0.7345678806304932,0.6165803074836731,119.0,620.0,43.0,74.0,0.4770768880844116,0.8511627912521362,0.7407407164573669,0.4444444477558136,20.0,163.0,7.0,25.0
16,0.4385659098625183,0.8668224215507507,0.7651006579399109,0.590673565864563,114.0,628.0,35.0,79.0,0.47723183035850525,0.8651162981987,0.7105262875556946,0.6000000238418579,27.0,159.0,11.0,18.0
17,0.43406879901885986,0.8679906725883484,0.7631579041481018,0.6010362505912781,116.0,627.0,36.0,77.0,0.4588102102279663,0.8511627912521362,0.7407407164573669,0.4444444477558136,20.0,163.0,7.0,25.0
18,0.43524327874183655,0.8761682510375977,0.7735849022865295,0.6373056769371033,123.0,627.0,36.0,70.0,0.4605126678943634,0.8511627912521362,0.7096773982048035,0.4888888895511627,22.0,161.0,9.0,23.0
19,0.4338420033454895,0.8633177280426025,0.7467532753944397,0.5958549380302429,115.0,624.0,39.0,78.0,0.45704731345176697,0.8604651093482971,0.7586206793785095,0.4888888895511627,22.0,163.0,7.0,23.0
20,0.4328192472457886,0.8738317489624023,0.7707006335258484,0.6269429922103882,121.0,627.0,36.0,72.0,0.45506551861763,0.8511627912521362,0.7241379022598267,0.46666666865348816,21.0,162.0,8.0,24.0
21,0.43807142972946167,0.8656542301177979,0.7532467246055603,0.6010362505912781,116.0,625.0,38.0,77.0,0.4532269835472107,0.8511627912521362,0.7241379022598267,0.46666666865348816,21.0,162.0,8.0,24.0
22,0.4276435673236847,0.8843457698822021,0.8092105388641357,0.6373056769371033,123.0,634.0,29.0,70.0,0.4493952691555023,0.8511627912521362,0.7407407164573669,0.4444444477558136,20.0,163.0,7.0,25.0
23,0.4297679662704468,0.8796728849411011,0.7922077775001526,0.6321243643760681,122.0,631.0,32.0,71.0,0.4473385512828827,0.8558139801025391,0.7333333492279053,0.4888888895511627,22.0,162.0,8.0,23.0
24,0.42733874917030334,0.8785046935081482,0.7798742055892944,0.6424870491027832,124.0,628.0,35.0,69.0,0.4454757273197174,0.8604651093482971,0.7419354915618896,0.5111111402511597,23.0,162.0,8.0,22.0
25,0.42950668931007385,0.8726635575294495,0.7658227682113647,0.6269429922103882,121.0,626.0,37.0,72.0,0.4434155821800232,0.8604651093482971,0.7419354915618896,0.5111111402511597,23.0,162.0,8.0,22.0
26,0.4259783923625946,0.8808411359786987,0.782608687877655,0.6528497338294983,126.0,628.0,35.0,67.0,0.44182851910591125,0.8604651093482971,0.7272727489471436,0.5333333611488342,24.0,161.0,9.0,21.0
27,0.43042024970054626,0.8820093274116516,0.7911392450332642,0.6476684212684631,125.0,630.0,33.0,68.0,0.44045913219451904,0.8604651093482971,0.7272727489471436,0.5333333611488342,24.0,161.0,9.0,21.0
28,0.4301337003707886,0.8761682510375977,0.7770700454711914,0.6321243643760681,122.0,628.0,35.0,71.0,0.43904590606689453,0.8604651093482971,0.7272727489471436,0.5333333611488342,24.0,161.0,9.0,21.0
29,0.42479628324508667,0.8796728849411011,0.78125,0.6476684212684631,125.0,628.0,35.0,68.0,0.4383698105812073,0.8604651093482971,0.7272727489471436,0.5333333611488342,24.0,161.0,9.0,21.0
30,0.42605847120285034,0.8726635575294495,0.7727272510528564,0.6165803074836731,119.0,628.0,35.0,74.0,0.4379296898841858,0.8604651093482971,0.7272727489471436,0.5333333611488342,24.0,161.0,9.0,21.0
31,0.43189719319343567,0.8714953064918518,0.7712418437004089,0.6113989353179932,118.0,628.0,35.0,75.0,0.4376122057437897,0.8604651093482971,0.7272727489471436,0.5333333611488342,24.0,161.0,9.0,21.0
32,0.4265771806240082,0.8785046935081482,0.7947019934654236,0.621761679649353,120.0,632.0,31.0,73.0,0.43715110421180725,0.8604651093482971,0.7272727489471436,0.5333333611488342,24.0,161.0,9.0,21.0
33,0.4365196228027344,0.8656542301177979,0.767123281955719,0.5803108811378479,112.0,629.0,34.0,81.0,0.43691888451576233,0.8604651093482971,0.7272727489471436,0.5333333611488342,24.0,161.0,9.0,21.0
34,0.4280390441417694,0.8796728849411011,0.78125,0.6476684212684631,125.0,628.0,35.0,68.0,0.436775267124176,0.8604651093482971,0.7272727489471436,0.5333333611488342,24.0,161.0,9.0,21.0
35,0.42939627170562744,0.8679906725883484,0.7597402334213257,0.606217622756958,117.0,626.0,37.0,76.0,0.4365939199924469,0.8558139801025391,0.7058823704719543,0.5333333611488342,24.0,160.0,10.0,21.0
36,0.42739301919937134,0.8785046935081482,0.7908496856689453,0.6269429922103882,121.0,631.0,32.0,72.0,0.4364961087703705,0.8604651093482971,0.7142857313156128,0.5555555820465088,25.0,160.0,10.0,20.0
37,0.4323851764202118,0.8796728849411011,0.7848101258277893,0.6424870491027832,124.0,629.0,34.0,69.0,0.43641725182533264,0.8604651093482971,0.7142857313156128,0.5555555820465088,25.0,160.0,10.0,20.0
38,0.43086206912994385,0.8679906725883484,0.7666666507720947,0.5958549380302429,115.0,628.0,35.0,78.0,0.4364262819290161,0.8604651093482971,0.7142857313156128,0.5555555820465088,25.0,160.0,10.0,20.0
39,0.42871877551078796,0.8714953064918518,0.7577639818191528,0.6321243643760681,122.0,624.0,39.0,71.0,0.43637609481811523,0.8604651093482971,0.7142857313156128,0.5555555820465088,25.0,160.0,10.0,20.0
40,0.42533817887306213,0.8796728849411011,0.7848101258277893,0.6424870491027832,124.0,629.0,34.0,69.0,0.43632903695106506,0.8604651093482971,0.7142857313156128,0.5555555820465088,25.0,160.0,10.0,20.0
41,0.428246408700943,0.8738317489624023,0.7707006335258484,0.6269429922103882,121.0,627.0,36.0,72.0,0.43622100353240967,0.8604651093482971,0.7142857313156128,0.5555555820465088,25.0,160.0,10.0,20.0
42,0.43052858114242554,0.8785046935081482,0.7908496856689453,0.6269429922103882,121.0,631.0,32.0,72.0,0.4362078309059143,0.8604651093482971,0.7142857313156128,0.5555555820465088,25.0,160.0,10.0,20.0
43,0.42779824137687683,0.875,0.7654321193695068,0.6424870491027832,124.0,625.0,38.0,69.0,0.43620720505714417,0.8604651093482971,0.7142857313156128,0.5555555820465088,25.0,160.0,10.0,20.0
44,0.4292851388454437,0.875,0.7621951103210449,0.6476684212684631,125.0,624.0,39.0,68.0,0.43621766567230225,0.8604651093482971,0.7142857313156128,0.5555555820465088,25.0,160.0,10.0,20.0
45,0.4302569329738617,0.8738317489624023,0.7814569473266602,0.6113989353179932,118.0,630.0,33.0,75.0,0.4362167716026306,0.8604651093482971,0.7142857313156128,0.5555555820465088,25.0,160.0,10.0,20.0
46,0.42749398946762085,0.8679906725883484,0.7597402334213257,0.606217622756958,117.0,626.0,37.0,76.0,0.43622347712516785,0.8604651093482971,0.7142857313156128,0.5555555820465088,25.0,160.0,10.0,20.0
47,0.43313539028167725,0.8726635575294495,0.7763158082962036,0.6113989353179932,118.0,629.0,34.0,75.0,0.4361892640590668,0.8604651093482971,0.7142857313156128,0.5555555820465088,25.0,160.0,10.0,20.0
48,0.42441853880882263,0.8796728849411011,0.7777777910232544,0.6528497338294983,126.0,627.0,36.0,67.0,0.43614956736564636,0.8604651093482971,0.7142857313156128,0.5555555820465088,25.0,160.0,10.0,20.0
49,0.43348002433776855,0.8691588640213013,0.7718120813369751,0.5958549380302429,115.0,629.0,34.0,78.0,0.436147004365921,0.8604651093482971,0.7142857313156128,0.5555555820465088,25.0,160.0,10.0,20.0
50,0.42754843831062317,0.8714953064918518,0.7712418437004089,0.6113989353179932,118.0,628.0,35.0,75.0,0.43608710169792175,0.8604651093482971,0.7142857313156128,0.5555555820465088,25.0,160.0,10.0,20.0
51,0.4245053231716156,0.8738317489624023,0.7707006335258484,0.6269429922103882,121.0,627.0,36.0,72.0,0.43611717224121094,0.8604651093482971,0.7142857313156128,0.5555555820465088,25.0,160.0,10.0,20.0
52,0.4279465973377228,0.8738317489624023,0.7814569473266602,0.6113989353179932,118.0,630.0,33.0,75.0,0.43604856729507446,0.8604651093482971,0.7142857313156128,0.5555555820465088,25.0,160.0,10.0,20.0
53,0.43157637119293213,0.8714953064918518,0.7643312215805054,0.621761679649353,120.0,626.0,37.0,73.0,0.43604210019111633,0.8604651093482971,0.7142857313156128,0.5555555820465088,25.0,160.0,10.0,20.0
54,0.4326222240924835,0.8726635575294495,0.7692307829856873,0.621761679649353,120.0,627.0,36.0,73.0,0.4360252618789673,0.8604651093482971,0.7142857313156128,0.5555555820465088,25.0,160.0,10.0,20.0
55,0.4305439591407776,0.8738317489624023,0.7707006335258484,0.6269429922103882,121.0,627.0,36.0,72.0,0.43601474165916443,0.8604651093482971,0.7142857313156128,0.5555555820465088,25.0,160.0,10.0,20.0
56,0.42738816142082214,0.8796728849411011,0.78125,0.6476684212684631,125.0,628.0,35.0,68.0,0.43603622913360596,0.8604651093482971,0.7142857313156128,0.5555555820465088,25.0,160.0,10.0,20.0
57,0.42951488494873047,0.875,0.7792207598686218,0.621761679649353,120.0,629.0,34.0,73.0,0.43609392642974854,0.8604651093482971,0.7142857313156128,0.5555555820465088,25.0,160.0,10.0,20.0
58,0.43677759170532227,0.8656542301177979,0.75,0.606217622756958,117.0,624.0,39.0,76.0,0.43609583377838135,0.8604651093482971,0.7142857313156128,0.5555555820465088,25.0,160.0,10.0,20.0
59,0.42861655354499817,0.875,0.7721518874168396,0.6321243643760681,122.0,627.0,36.0,71.0,0.4361210763454437,0.8604651093482971,0.7142857313156128,0.5555555820465088,25.0,160.0,10.0,20.0
60,0.4259953796863556,0.8785046935081482,0.7834395170211792,0.6373056769371033,123.0,629.0,34.0,70.0,0.43607696890830994,0.8604651093482971,0.7142857313156128,0.5555555820465088,25.0,160.0,10.0,20.0
61,0.42703893780708313,0.8796728849411011,0.78125,0.6476684212684631,125.0,628.0,35.0,68.0,0.4361591339111328,0.8604651093482971,0.7142857313156128,0.5555555820465088,25.0,160.0,10.0,20.0
62,0.43324461579322815,0.8703271150588989,0.7733333110809326,0.6010362505912781,116.0,629.0,34.0,77.0,0.43614551424980164,0.8604651093482971,0.7142857313156128,0.5555555820465088,25.0,160.0,10.0,20.0
63,0.4228862524032593,0.8796728849411011,0.7848101258277893,0.6424870491027832,124.0,629.0,34.0,69.0,0.4361746907234192,0.8604651093482971,0.7142857313156128,0.5555555820465088,25.0,160.0,10.0,20.0
64,0.420767217874527,0.8820093274116516,0.7839506268501282,0.6580311059951782,127.0,628.0,35.0,66.0,0.43617692589759827,0.8604651093482971,0.7142857313156128,0.5555555820465088,25.0,160.0,10.0,20.0
65,0.4235110282897949,0.8820093274116516,0.7948718070983887,0.6424870491027832,124.0,631.0,32.0,69.0,0.43613383173942566,0.8604651093482971,0.7142857313156128,0.5555555820465088,25.0,160.0,10.0,20.0
66,0.4268506169319153,0.8761682510375977,0.7880794405937195,0.6165803074836731,119.0,631.0,32.0,74.0,0.43612611293792725,0.8604651093482971,0.7142857313156128,0.5555555820465088,25.0,160.0,10.0,20.0
67,0.4315800666809082,0.8738317489624023,0.7672955989837646,0.6321243643760681,122.0,626.0,37.0,71.0,0.43607914447784424,0.8604651093482971,0.7142857313156128,0.5555555820465088,25.0,160.0,10.0,20.0
68,0.42696070671081543,0.8796728849411011,0.7884615659713745,0.6373056769371033,123.0,630.0,33.0,70.0,0.4360779821872711,0.8604651093482971,0.7142857313156128,0.5555555820465088,25.0,160.0,10.0,20.0
69,0.429888516664505,0.8703271150588989,0.7628205418586731,0.6165803074836731,119.0,626.0,37.0,74.0,0.43607816100120544,0.8604651093482971,0.7142857313156128,0.5555555820465088,25.0,160.0,10.0,20.0
70,0.42496803402900696,0.8773364424705505,0.7820512652397156,0.6321243643760681,122.0,629.0,34.0,71.0,0.43608036637306213,0.8604651093482971,0.7142857313156128,0.5555555820465088,25.0,160.0,10.0,20.0
71,0.4274798333644867,0.8831775784492493,0.7888198494911194,0.6580311059951782,127.0,629.0,34.0,66.0,0.43612396717071533,0.8604651093482971,0.7142857313156128,0.5555555820465088,25.0,160.0,10.0,20.0
72,0.42062634229660034,0.8820093274116516,0.7911392450332642,0.6476684212684631,125.0,630.0,33.0,68.0,0.4361317753791809,0.8604651093482971,0.7142857313156128,0.5555555820465088,25.0,160.0,10.0,20.0
73,0.42906200885772705,0.8726635575294495,0.7799999713897705,0.606217622756958,117.0,630.0,33.0,76.0,0.4360966384410858,0.8604651093482971,0.7142857313156128,0.5555555820465088,25.0,160.0,10.0,20.0
74,0.42926025390625,0.875,0.7721518874168396,0.6321243643760681,122.0,627.0,36.0,71.0,0.43605971336364746,0.8604651093482971,0.7142857313156128,0.5555555820465088,25.0,160.0,10.0,20.0
75,0.4272781014442444,0.8820093274116516,0.7911392450332642,0.6476684212684631,125.0,630.0,33.0,68.0,0.43607956171035767,0.8604651093482971,0.7142857313156128,0.5555555820465088,25.0,160.0,10.0,20.0
76,0.42547157406806946,0.8738317489624023,0.7777777910232544,0.6165803074836731,119.0,629.0,34.0,74.0,0.43609440326690674,0.8604651093482971,0.7142857313156128,0.5555555820465088,25.0,160.0,10.0,20.0
77,0.4319421052932739,0.8679906725883484,0.7666666507720947,0.5958549380302429,115.0,628.0,35.0,78.0,0.43610450625419617,0.8604651093482971,0.7142857313156128,0.5555555820465088,25.0,160.0,10.0,20.0
78,0.429058313369751,0.8773364424705505,0.7894737124443054,0.621761679649353,120.0,631.0,32.0,73.0,0.43609365820884705,0.8604651093482971,0.7142857313156128,0.5555555820465088,25.0,160.0,10.0,20.0
79,0.43236038088798523,0.8703271150588989,0.7628205418586731,0.6165803074836731,119.0,626.0,37.0,74.0,0.4361221194267273,0.8604651093482971,0.7142857313156128,0.5555555820465088,25.0,160.0,10.0,20.0
80,0.42795097827911377,0.8808411359786987,0.7898089289665222,0.6424870491027832,124.0,630.0,33.0,69.0,0.43615517020225525,0.8604651093482971,0.7142857313156128,0.5555555820465088,25.0,160.0,10.0,20.0
81,0.4290291666984558,0.8785046935081482,0.7798742055892944,0.6424870491027832,124.0,628.0,35.0,69.0,0.43611687421798706,0.8604651093482971,0.7142857313156128,0.5555555820465088,25.0,160.0,10.0,20.0
82,0.4285140037536621,0.8785046935081482,0.7947019934654236,0.621761679649353,120.0,632.0,31.0,73.0,0.43610525131225586,0.8604651093482971,0.7142857313156128,0.5555555820465088,25.0,160.0,10.0,20.0
83,0.4295981228351593,0.8714953064918518,0.7610062956809998,0.6269429922103882,121.0,625.0,38.0,72.0,0.43617191910743713,0.8604651093482971,0.7142857313156128,0.5555555820465088,25.0,160.0,10.0,20.0
84,0.43087080121040344,0.8808411359786987,0.7898089289665222,0.6424870491027832,124.0,630.0,33.0,69.0,0.436190664768219,0.8604651093482971,0.7142857313156128,0.5555555820465088,25.0,160.0,10.0,20.0
85,0.4252731204032898,0.8714953064918518,0.7712418437004089,0.6113989353179932,118.0,628.0,35.0,75.0,0.4361477494239807,0.8604651093482971,0.7142857313156128,0.5555555820465088,25.0,160.0,10.0,20.0
86,0.4272649586200714,0.8761682510375977,0.7843137383460999,0.621761679649353,120.0,630.0,33.0,73.0,0.4361065626144409,0.8604651093482971,0.7142857313156128,0.5555555820465088,25.0,160.0,10.0,20.0
87,0.42833876609802246,0.8726635575294495,0.7837837934494019,0.6010362505912781,116.0,631.0,32.0,77.0,0.43613505363464355,0.8604651093482971,0.7142857313156128,0.5555555820465088,25.0,160.0,10.0,20.0
88,0.43000900745391846,0.8761682510375977,0.7701863646507263,0.6424870491027832,124.0,626.0,37.0,69.0,0.4361139237880707,0.8604651093482971,0.7142857313156128,0.5555555820465088,25.0,160.0,10.0,20.0
89,0.4301047623157501,0.8726635575294495,0.7727272510528564,0.6165803074836731,119.0,628.0,35.0,74.0,0.4361118674278259,0.8604651093482971,0.7142857313156128,0.5555555820465088,25.0,160.0,10.0,20.0
90,0.4284631013870239,0.8691588640213013,0.7682119011878967,0.6010362505912781,116.0,628.0,35.0,77.0,0.43609359860420227,0.8604651093482971,0.7142857313156128,0.5555555820465088,25.0,160.0,10.0,20.0
91,0.42455193400382996,0.8831775784492493,0.7924528121948242,0.6528497338294983,126.0,630.0,33.0,67.0,0.4360845386981964,0.8604651093482971,0.7142857313156128,0.5555555820465088,25.0,160.0,10.0,20.0
92,0.43208372592926025,0.8656542301177979,0.7532467246055603,0.6010362505912781,116.0,625.0,38.0,77.0,0.43607306480407715,0.8604651093482971,0.7142857313156128,0.5555555820465088,25.0,160.0,10.0,20.0
93,0.4265178143978119,0.8761682510375977,0.7843137383460999,0.621761679649353,120.0,630.0,33.0,73.0,0.4360819160938263,0.8604651093482971,0.7142857313156128,0.5555555820465088,25.0,160.0,10.0,20.0
94,0.4261951148509979,0.8820093274116516,0.7875000238418579,0.6528497338294983,126.0,629.0,34.0,67.0,0.43605104088783264,0.8604651093482971,0.7142857313156128,0.5555555820465088,25.0,160.0,10.0,20.0
95,0.4268898069858551,0.8726635575294495,0.762499988079071,0.6321243643760681,122.0,625.0,38.0,71.0,0.43608030676841736,0.8604651093482971,0.7142857313156128,0.5555555820465088,25.0,160.0,10.0,20.0
96,0.42375266551971436,0.8785046935081482,0.7870967984199524,0.6321243643760681,122.0,630.0,33.0,71.0,0.43605783581733704,0.8604651093482971,0.7142857313156128,0.5555555820465088,25.0,160.0,10.0,20.0
97,0.4249892830848694,0.8785046935081482,0.7798742055892944,0.6424870491027832,124.0,628.0,35.0,69.0,0.43609315156936646,0.8604651093482971,0.7142857313156128,0.5555555820465088,25.0,160.0,10.0,20.0
98,0.42999395728111267,0.8738317489624023,0.7707006335258484,0.6269429922103882,121.0,627.0,36.0,72.0,0.4360778331756592,0.8604651093482971,0.7142857313156128,0.5555555820465088,25.0,160.0,10.0,20.0
99,0.4268137514591217,0.875,0.7721518874168396,0.6321243643760681,122.0,627.0,36.0,71.0,0.43607696890830994,0.8604651093482971,0.7142857313156128,0.5555555820465088,25.0,160.0,10.0,20.0
100,0.42676693201065063,0.8738317489624023,0.7672955989837646,0.6321243643760681,122.0,626.0,37.0,71.0,0.43609073758125305,0.8604651093482971,0.7142857313156128,0.5555555820465088,25.0,160.0,10.0,20.0
101,0.42715656757354736,0.8691588640213013,0.742514967918396,0.6424870491027832,124.0,620.0,43.0,69.0,0.4360660910606384,0.8604651093482971,0.7142857313156128,0.5555555820465088,25.0,160.0,10.0,20.0
102,0.4348641633987427,0.8761682510375977,0.7770700454711914,0.6321243643760681,122.0,628.0,35.0,71.0,0.4360521137714386,0.8604651093482971,0.7142857313156128,0.5555555820465088,25.0,160.0,10.0,20.0
103,0.4332108199596405,0.8633177280426025,0.7345678806304932,0.6165803074836731,119.0,620.0,43.0,74.0,0.4361095726490021,0.8604651093482971,0.7142857313156128,0.5555555820465088,25.0,160.0,10.0,20.0
104,0.4260385036468506,0.8679906725883484,0.7597402334213257,0.606217622756958,117.0,626.0,37.0,76.0,0.4361403286457062,0.8604651093482971,0.7142857313156128,0.5555555820465088,25.0,160.0,10.0,20.0
105,0.4248447120189667,0.8820093274116516,0.7948718070983887,0.6424870491027832,124.0,631.0,32.0,69.0,0.43615448474884033,0.8604651093482971,0.7142857313156128,0.5555555820465088,25.0,160.0,10.0,20.0
106,0.43152329325675964,0.8691588640213013,0.7484662532806396,0.6321243643760681,122.0,622.0,41.0,71.0,0.4361487030982971,0.8604651093482971,0.7142857313156128,0.5555555820465088,25.0,160.0,10.0,20.0
107,0.42422235012054443,0.8808411359786987,0.8053691387176514,0.621761679649353,120.0,634.0,29.0,73.0,0.4361705780029297,0.8604651093482971,0.7142857313156128,0.5555555820465088,25.0,160.0,10.0,20.0
108,0.4257167875766754,0.8773364424705505,0.7784810066223145,0.6373056769371033,123.0,628.0,35.0,70.0,0.4361395537853241,0.8604651093482971,0.7142857313156128,0.5555555820465088,25.0,160.0,10.0,20.0
109,0.42790117859840393,0.875,0.7756410241127014,0.6269429922103882,121.0,628.0,35.0,72.0,0.43608230352401733,0.8604651093482971,0.7142857313156128,0.5555555820465088,25.0,160.0,10.0,20.0
110,0.4307386577129364,0.8703271150588989,0.7628205418586731,0.6165803074836731,119.0,626.0,37.0,74.0,0.43610823154449463,0.8604651093482971,0.7142857313156128,0.5555555820465088,25.0,160.0,10.0,20.0
111,0.425630122423172,0.8808411359786987,0.7861635088920593,0.6476684212684631,125.0,629.0,34.0,68.0,0.4361146092414856,0.8604651093482971,0.7142857313156128,0.5555555820465088,25.0,160.0,10.0,20.0
112,0.429343581199646,0.8714953064918518,0.7677419185638428,0.6165803074836731,119.0,627.0,36.0,74.0,0.43610695004463196,0.8604651093482971,0.7142857313156128,0.5555555820465088,25.0,160.0,10.0,20.0
113,0.4243345856666565,0.8796728849411011,0.800000011920929,0.621761679649353,120.0,633.0,30.0,73.0,0.43605971336364746,0.8604651093482971,0.7142857313156128,0.5555555820465088,25.0,160.0,10.0,20.0
114,0.42471253871917725,0.8714953064918518,0.7677419185638428,0.6165803074836731,119.0,627.0,36.0,74.0,0.43603119254112244,0.8604651093482971,0.7142857313156128,0.5555555820465088,25.0,160.0,10.0,20.0
115,0.43312403559684753,0.8773364424705505,0.7972972989082336,0.6113989353179932,118.0,633.0,30.0,75.0,0.4360693693161011,0.8604651093482971,0.7142857313156128,0.5555555820465088,25.0,160.0,10.0,20.0
116,0.4256761372089386,0.8773364424705505,0.7972972989082336,0.6113989353179932,118.0,633.0,30.0,75.0,0.436039000749588,0.8604651093482971,0.7142857313156128,0.5555555820465088,25.0,160.0,10.0,20.0
117,0.4269890785217285,0.8796728849411011,0.7884615659713745,0.6373056769371033,123.0,630.0,33.0,70.0,0.4360559284687042,0.8604651093482971,0.7142857313156128,0.5555555820465088,25.0,160.0,10.0,20.0
118,0.4270622432231903,0.8761682510375977,0.7735849022865295,0.6373056769371033,123.0,627.0,36.0,70.0,0.4360370934009552,0.8604651093482971,0.7142857313156128,0.5555555820465088,25.0,160.0,10.0,20.0
119,0.42937609553337097,0.8679906725883484,0.75,0.621761679649353,120.0,623.0,40.0,73.0,0.436053991317749,0.8604651093482971,0.7142857313156128,0.5555555820465088,25.0,160.0,10.0,20.0
120,0.4259493947029114,0.8820093274116516,0.7911392450332642,0.6476684212684631,125.0,630.0,33.0,68.0,0.4360855519771576,0.8604651093482971,0.7142857313156128,0.5555555820465088,25.0,160.0,10.0,20.0
121,0.4252636730670929,0.8773364424705505,0.7784810066223145,0.6373056769371033,123.0,628.0,35.0,70.0,0.43609192967414856,0.8604651093482971,0.7142857313156128,0.5555555820465088,25.0,160.0,10.0,20.0
122,0.42557066679000854,0.8761682510375977,0.7668711543083191,0.6476684212684631,125.0,625.0,38.0,68.0,0.4360692799091339,0.8604651093482971,0.7142857313156128,0.5555555820465088,25.0,160.0,10.0,20.0
123,0.42690128087997437,0.8761682510375977,0.7701863646507263,0.6424870491027832,124.0,626.0,37.0,69.0,0.4360542893409729,0.8604651093482971,0.7142857313156128,0.5555555820465088,25.0,160.0,10.0,20.0
124,0.4292198717594147,0.8796728849411011,0.7884615659713745,0.6373056769371033,123.0,630.0,33.0,70.0,0.4361460506916046,0.8604651093482971,0.7142857313156128,0.5555555820465088,25.0,160.0,10.0,20.0
125,0.4269566833972931,0.8785046935081482,0.7947019934654236,0.621761679649353,120.0,632.0,31.0,73.0,0.4361005425453186,0.8604651093482971,0.7142857313156128,0.5555555820465088,25.0,160.0,10.0,20.0
126,0.4258382320404053,0.8855140209197998,0.7987421154975891,0.6580311059951782,127.0,631.0,32.0,66.0,0.4361015856266022,0.8604651093482971,0.7142857313156128,0.5555555820465088,25.0,160.0,10.0,20.0
127,0.4289722740650177,0.8808411359786987,0.7898089289665222,0.6424870491027832,124.0,630.0,33.0,69.0,0.43607044219970703,0.8604651093482971,0.7142857313156128,0.5555555820465088,25.0,160.0,10.0,20.0
128,0.4308580756187439,0.8785046935081482,0.7908496856689453,0.6269429922103882,121.0,631.0,32.0,72.0,0.43605178594589233,0.8604651093482971,0.7142857313156128,0.5555555820465088,25.0,160.0,10.0,20.0
129,0.4277711808681488,0.8785046935081482,0.7986577153205872,0.6165803074836731,119.0,633.0,30.0,74.0,0.4360518753528595,0.8604651093482971,0.7142857313156128,0.5555555820465088,25.0,160.0,10.0,20.0
130,0.4272397458553314,0.875,0.7654321193695068,0.6424870491027832,124.0,625.0,38.0,69.0,0.4360513687133789,0.8604651093482971,0.7142857313156128,0.5555555820465088,25.0,160.0,10.0,20.0
131,0.426352322101593,0.8820093274116516,0.8026315569877625,0.6321243643760681,122.0,633.0,30.0,71.0,0.4360767900943756,0.8604651093482971,0.7142857313156128,0.5555555820465088,25.0,160.0,10.0,20.0
132,0.42440417408943176,0.8761682510375977,0.791946291923523,0.6113989353179932,118.0,632.0,31.0,75.0,0.4360960125923157,0.8604651093482971,0.7142857313156128,0.5555555820465088,25.0,160.0,10.0,20.0
133,0.4400344491004944,0.8644859790802002,0.7583892345428467,0.5854922533035278,113.0,627.0,36.0,80.0,0.43606722354888916,0.8604651093482971,0.7142857313156128,0.5555555820465088,25.0,160.0,10.0,20.0
134,0.42944931983947754,0.8726635575294495,0.7658227682113647,0.6269429922103882,121.0,626.0,37.0,72.0,0.43608391284942627,0.8604651093482971,0.7142857313156128,0.5555555820465088,25.0,160.0,10.0,20.0
135,0.42282137274742126,0.8796728849411011,0.7848101258277893,0.6424870491027832,124.0,629.0,34.0,69.0,0.43606889247894287,0.8604651093482971,0.7142857313156128,0.5555555820465088,25.0,160.0,10.0,20.0
136,0.4280379116535187,0.8773364424705505,0.7857142686843872,0.6269429922103882,121.0,630.0,33.0,72.0,0.43609511852264404,0.8604651093482971,0.7142857313156128,0.5555555820465088,25.0,160.0,10.0,20.0
137,0.4272298514842987,0.8726635575294495,0.7692307829856873,0.621761679649353,120.0,627.0,36.0,73.0,0.43609189987182617,0.8604651093482971,0.7142857313156128,0.5555555820465088,25.0,160.0,10.0,20.0
138,0.4314430356025696,0.8703271150588989,0.7662337422370911,0.6113989353179932,118.0,627.0,36.0,75.0,0.43611976504325867,0.8604651093482971,0.7142857313156128,0.5555555820465088,25.0,160.0,10.0,20.0
139,0.428484171628952,0.8808411359786987,0.7898089289665222,0.6424870491027832,124.0,630.0,33.0,69.0,0.4361589550971985,0.8604651093482971,0.7142857313156128,0.5555555820465088,25.0,160.0,10.0,20.0
140,0.42858633399009705,0.8714953064918518,0.7712418437004089,0.6113989353179932,118.0,628.0,35.0,75.0,0.43614140152931213,0.8604651093482971,0.7142857313156128,0.5555555820465088,25.0,160.0,10.0,20.0
141,0.4284590482711792,0.8726635575294495,0.7658227682113647,0.6269429922103882,121.0,626.0,37.0,72.0,0.43612799048423767,0.8604651093482971,0.7142857313156128,0.5555555820465088,25.0,160.0,10.0,20.0
142,0.4263067841529846,0.8785046935081482,0.7798742055892944,0.6424870491027832,124.0,628.0,35.0,69.0,0.43610090017318726,0.8604651093482971,0.7142857313156128,0.5555555820465088,25.0,160.0,10.0,20.0
143,0.43084248900413513,0.8668224215507507,0.7515923380851746,0.6113989353179932,118.0,624.0,39.0,75.0,0.43611809611320496,0.8604651093482971,0.7142857313156128,0.5555555820465088,25.0,160.0,10.0,20.0
144,0.4285350441932678,0.875,0.7866666913032532,0.6113989353179932,118.0,631.0,32.0,75.0,0.4361536204814911,0.8604651093482971,0.7142857313156128,0.5555555820465088,25.0,160.0,10.0,20.0
145,0.4302513003349304,0.8714953064918518,0.754601240158081,0.6373056769371033,123.0,623.0,40.0,70.0,0.4361395239830017,0.8604651093482971,0.7142857313156128,0.5555555820465088,25.0,160.0,10.0,20.0
146,0.4272604286670685,0.875,0.7721518874168396,0.6321243643760681,122.0,627.0,36.0,71.0,0.43609973788261414,0.8604651093482971,0.7142857313156128,0.5555555820465088,25.0,160.0,10.0,20.0
147,0.42685192823410034,0.8773364424705505,0.7894737124443054,0.621761679649353,120.0,631.0,32.0,73.0,0.4360705018043518,0.8604651093482971,0.7142857313156128,0.5555555820465088,25.0,160.0,10.0,20.0
148,0.432036817073822,0.875,0.7792207598686218,0.621761679649353,120.0,629.0,34.0,73.0,0.43606770038604736,0.8604651093482971,0.7142857313156128,0.5555555820465088,25.0,160.0,10.0,20.0
149,0.4281439483165741,0.8785046935081482,0.7834395170211792,0.6373056769371033,123.0,629.0,34.0,70.0,0.4360675513744354,0.8604651093482971,0.7142857313156128,0.5555555820465088,25.0,160.0,10.0,20.0
150,0.42748406529426575,0.8831775784492493,0.7961783409118652,0.6476684212684631,125.0,631.0,32.0,68.0,0.4360983967781067,0.8604651093482971,0.7142857313156128,0.5555555820465088,25.0,160.0,10.0,20.0
151,0.4224407970905304,0.8785046935081482,0.7870967984199524,0.6321243643760681,122.0,630.0,33.0,71.0,0.4360804259777069,0.8604651093482971,0.7142857313156128,0.5555555820465088,25.0,160.0,10.0,20.0
152,0.4279409348964691,0.8773364424705505,0.7857142686843872,0.6269429922103882,121.0,630.0,33.0,72.0,0.4360722601413727,0.8604651093482971,0.7142857313156128,0.5555555820465088,25.0,160.0,10.0,20.0
153,0.42657947540283203,0.8785046935081482,0.7834395170211792,0.6373056769371033,123.0,629.0,34.0,70.0,0.4360983967781067,0.8604651093482971,0.7142857313156128,0.5555555820465088,25.0,160.0,10.0,20.0
154,0.4321383535861969,0.8679906725883484,0.7597402334213257,0.606217622756958,117.0,626.0,37.0,76.0,0.43603870272636414,0.8604651093482971,0.7142857313156128,0.5555555820465088,25.0,160.0,10.0,20.0
155,0.42722296714782715,0.8714953064918518,0.7785235047340393,0.6010362505912781,116.0,630.0,33.0,77.0,0.436069518327713,0.8604651093482971,0.7142857313156128,0.5555555820465088,25.0,160.0,10.0,20.0
156,0.42995887994766235,0.8726635575294495,0.7658227682113647,0.6269429922103882,121.0,626.0,37.0,72.0,0.4360784888267517,0.8604651093482971,0.7142857313156128,0.5555555820465088,25.0,160.0,10.0,20.0
157,0.431342750787735,0.8691588640213013,0.7579618096351624,0.6165803074836731,119.0,625.0,38.0,74.0,0.43608173727989197,0.8604651093482971,0.7142857313156128,0.5555555820465088,25.0,160.0,10.0,20.0
158,0.4274257719516754,0.8679906725883484,0.7469135522842407,0.6269429922103882,121.0,622.0,41.0,72.0,0.4361021816730499,0.8604651093482971,0.7142857313156128,0.5555555820465088,25.0,160.0,10.0,20.0
159,0.4254744350910187,0.8761682510375977,0.7770700454711914,0.6321243643760681,122.0,628.0,35.0,71.0,0.43611764907836914,0.8604651093482971,0.7142857313156128,0.5555555820465088,25.0,160.0,10.0,20.0
160,0.4337909519672394,0.8703271150588989,0.7847222089767456,0.5854922533035278,113.0,632.0,31.0,80.0,0.4361332654953003,0.8604651093482971,0.7142857313156128,0.5555555820465088,25.0,160.0,10.0,20.0
161,0.4270711839199066,0.8726635575294495,0.7876712083816528,0.5958549380302429,115.0,632.0,31.0,78.0,0.43613147735595703,0.8604651093482971,0.7142857313156128,0.5555555820465088,25.0,160.0,10.0,20.0
162,0.4276888072490692,0.8785046935081482,0.7986577153205872,0.6165803074836731,119.0,633.0,30.0,74.0,0.43618813157081604,0.8604651093482971,0.7142857313156128,0.5555555820465088,25.0,160.0,10.0,20.0
163,0.4326285719871521,0.8796728849411011,0.7884615659713745,0.6373056769371033,123.0,630.0,33.0,70.0,0.4361722767353058,0.8604651093482971,0.7142857313156128,0.5555555820465088,25.0,160.0,10.0,20.0
164,0.42573633790016174,0.8796728849411011,0.7922077775001526,0.6321243643760681,122.0,631.0,32.0,71.0,0.43616539239883423,0.8604651093482971,0.7142857313156128,0.5555555820465088,25.0,160.0,10.0,20.0
165,0.4333397448062897,0.8668224215507507,0.7548387050628662,0.606217622756958,117.0,625.0,38.0,76.0,0.43614915013313293,0.8604651093482971,0.7142857313156128,0.5555555820465088,25.0,160.0,10.0,20.0
166,0.4250963032245636,0.8761682510375977,0.7843137383460999,0.621761679649353,120.0,630.0,33.0,73.0,0.4361301362514496,0.8604651093482971,0.7142857313156128,0.5555555820465088,25.0,160.0,10.0,20.0
167,0.4319058358669281,0.8679906725883484,0.7666666507720947,0.5958549380302429,115.0,628.0,35.0,78.0,0.4361306428909302,0.8604651093482971,0.7142857313156128,0.5555555820465088,25.0,160.0,10.0,20.0
168,0.4249461889266968,0.8796728849411011,0.7922077775001526,0.6321243643760681,122.0,631.0,32.0,71.0,0.43614500761032104,0.8604651093482971,0.7142857313156128,0.5555555820465088,25.0,160.0,10.0,20.0
169,0.42750221490859985,0.8761682510375977,0.791946291923523,0.6113989353179932,118.0,632.0,31.0,75.0,0.4361000955104828,0.8604651093482971,0.7142857313156128,0.5555555820465088,25.0,160.0,10.0,20.0
170,0.42423319816589355,0.8808411359786987,0.7898089289665222,0.6424870491027832,124.0,630.0,33.0,69.0,0.4360673725605011,0.8604651093482971,0.7142857313156128,0.5555555820465088,25.0,160.0,10.0,20.0
171,0.4260137379169464,0.8738317489624023,0.7852349281311035,0.606217622756958,117.0,631.0,32.0,76.0,0.43608859181404114,0.8604651093482971,0.7142857313156128,0.5555555820465088,25.0,160.0,10.0,20.0
172,0.4293481111526489,0.8714953064918518,0.7610062956809998,0.6269429922103882,121.0,625.0,38.0,72.0,0.4360646903514862,0.8604651093482971,0.7142857313156128,0.5555555820465088,25.0,160.0,10.0,20.0
173,0.4264572262763977,0.8679906725883484,0.7631579041481018,0.6010362505912781,116.0,627.0,36.0,77.0,0.43606388568878174,0.8604651093482971,0.7142857313156128,0.5555555820465088,25.0,160.0,10.0,20.0
174,0.4286417067050934,0.8738317489624023,0.7814569473266602,0.6113989353179932,118.0,630.0,33.0,75.0,0.4360557794570923,0.8604651093482971,0.7142857313156128,0.5555555820465088,25.0,160.0,10.0,20.0
175,0.4288593530654907,0.8726635575294495,0.7692307829856873,0.621761679649353,120.0,627.0,36.0,73.0,0.4360913038253784,0.8604651093482971,0.7142857313156128,0.5555555820465088,25.0,160.0,10.0,20.0
176,0.42536479234695435,0.8738317489624023,0.7707006335258484,0.6269429922103882,121.0,627.0,36.0,72.0,0.43609949946403503,0.8604651093482971,0.7142857313156128,0.5555555820465088,25.0,160.0,10.0,20.0
177,0.42679867148399353,0.8773364424705505,0.7933333516120911,0.6165803074836731,119.0,632.0,31.0,74.0,0.436088889837265,0.8604651093482971,0.7142857313156128,0.5555555820465088,25.0,160.0,10.0,20.0
178,0.4250374436378479,0.8761682510375977,0.7806451320648193,0.6269429922103882,121.0,629.0,34.0,72.0,0.4361293315887451,0.8604651093482971,0.7142857313156128,0.5555555820465088,25.0,160.0,10.0,20.0
179,0.425100177526474,0.8843457698822021,0.790123462677002,0.6632124185562134,128.0,629.0,34.0,65.0,0.436104416847229,0.8604651093482971,0.7142857313156128,0.5555555820465088,25.0,160.0,10.0,20.0
180,0.42764559388160706,0.875,0.7866666913032532,0.6113989353179932,118.0,631.0,32.0,75.0,0.4361097514629364,0.8604651093482971,0.7142857313156128,0.5555555820465088,25.0,160.0,10.0,20.0
181,0.4318702816963196,0.8598130941390991,0.744966447353363,0.575129508972168,111.0,625.0,38.0,82.0,0.4361286163330078,0.8604651093482971,0.7142857313156128,0.5555555820465088,25.0,160.0,10.0,20.0
182,0.43008100986480713,0.8714953064918518,0.7712418437004089,0.6113989353179932,118.0,628.0,35.0,75.0,0.43615561723709106,0.8604651093482971,0.7142857313156128,0.5555555820465088,25.0,160.0,10.0,20.0
183,0.4285639822483063,0.875,0.7792207598686218,0.621761679649353,120.0,629.0,34.0,73.0,0.43612968921661377,0.8604651093482971,0.7142857313156128,0.5555555820465088,25.0,160.0,10.0,20.0
184,0.4296283423900604,0.8738317489624023,0.774193525314331,0.621761679649353,120.0,628.0,35.0,73.0,0.4361168444156647,0.8604651093482971,0.7142857313156128,0.5555555820465088,25.0,160.0,10.0,20.0
185,0.42330676317214966,0.8843457698822021,0.8012820482254028,0.6476684212684631,125.0,632.0,31.0,68.0,0.4360799789428711,0.8604651093482971,0.7142857313156128,0.5555555820465088,25.0,160.0,10.0,20.0
186,0.43011635541915894,0.8773364424705505,0.7820512652397156,0.6321243643760681,122.0,629.0,34.0,71.0,0.4360881745815277,0.8604651093482971,0.7142857313156128,0.5555555820465088,25.0,160.0,10.0,20.0
187,0.4280288815498352,0.8820093274116516,0.7948718070983887,0.6424870491027832,124.0,631.0,32.0,69.0,0.4361804723739624,0.8604651093482971,0.7142857313156128,0.5555555820465088,25.0,160.0,10.0,20.0
188,0.42881250381469727,0.8808411359786987,0.7861635088920593,0.6476684212684631,125.0,629.0,34.0,68.0,0.4361533224582672,0.8604651093482971,0.7142857313156128,0.5555555820465088,25.0,160.0,10.0,20.0
189,0.4278503358364105,0.8714953064918518,0.7823129296302795,0.5958549380302429,115.0,631.0,32.0,78.0,0.4361204206943512,0.8604651093482971,0.7142857313156128,0.5555555820465088,25.0,160.0,10.0,20.0
190,0.42970114946365356,0.8773364424705505,0.7820512652397156,0.6321243643760681,122.0,629.0,34.0,71.0,0.4360986649990082,0.8604651093482971,0.7142857313156128,0.5555555820465088,25.0,160.0,10.0,20.0
191,0.427642285823822,0.8796728849411011,0.7960526347160339,0.6269429922103882,121.0,632.0,31.0,72.0,0.4361118972301483,0.8604651093482971,0.7142857313156128,0.5555555820465088,25.0,160.0,10.0,20.0
192,0.42801332473754883,0.8773364424705505,0.7749999761581421,0.6424870491027832,124.0,627.0,36.0,69.0,0.43607982993125916,0.8604651093482971,0.7142857313156128,0.5555555820465088,25.0,160.0,10.0,20.0
193,0.42815685272216797,0.8679906725883484,0.753164529800415,0.6165803074836731,119.0,624.0,39.0,74.0,0.43609941005706787,0.8604651093482971,0.7142857313156128,0.5555555820465088,25.0,160.0,10.0,20.0
194,0.4332275986671448,0.8796728849411011,0.7960526347160339,0.6269429922103882,121.0,632.0,31.0,72.0,0.43603628873825073,0.8604651093482971,0.7142857313156128,0.5555555820465088,25.0,160.0,10.0,20.0
195,0.4231488108634949,0.8820093274116516,0.7948718070983887,0.6424870491027832,124.0,631.0,32.0,69.0,0.43604299426078796,0.8604651093482971,0.7142857313156128,0.5555555820465088,25.0,160.0,10.0,20.0
196,0.42743706703186035,0.8773364424705505,0.7820512652397156,0.6321243643760681,122.0,629.0,34.0,71.0,0.43602269887924194,0.8604651093482971,0.7142857313156128,0.5555555820465088,25.0,160.0,10.0,20.0
197,0.42791470885276794,0.8761682510375977,0.7735849022865295,0.6373056769371033,123.0,627.0,36.0,70.0,0.4360462725162506,0.8604651093482971,0.7142857313156128,0.5555555820465088,25.0,160.0,10.0,20.0
198,0.4286594092845917,0.8714953064918518,0.7712418437004089,0.6113989353179932,118.0,628.0,35.0,75.0,0.43606728315353394,0.8604651093482971,0.7142857313156128,0.5555555820465088,25.0,160.0,10.0,20.0
199,0.43041902780532837,0.8703271150588989,0.7697368264198303,0.606217622756958,117.0,628.0,35.0,76.0,0.43604111671447754,0.8604651093482971,0.7142857313156128,0.5555555820465088,25.0,160.0,10.0,20.0
200,0.4241575300693512,0.8796728849411011,0.7884615659713745,0.6373056769371033,123.0,630.0,33.0,70.0,0.4360837936401367,0.8604651093482971,0.7142857313156128,0.5555555820465088,25.0,160.0,10.0,20.0
201,0.4260610342025757,0.8761682510375977,0.7636363506317139,0.6528497338294983,126.0,624.0,39.0,67.0,0.43608736991882324,0.8604651093482971,0.7142857313156128,0.5555555820465088,25.0,160.0,10.0,20.0
202,0.4261569678783417,0.8831775784492493,0.7888198494911194,0.6580311059951782,127.0,629.0,34.0,66.0,0.43612200021743774,0.8604651093482971,0.7142857313156128,0.5555555820465088,25.0,160.0,10.0,20.0
203,0.4331887364387512,0.8796728849411011,0.800000011920929,0.621761679649353,120.0,633.0,30.0,73.0,0.43608617782592773,0.8604651093482971,0.7142857313156128,0.5555555820465088,25.0,160.0,10.0,20.0
204,0.42926278710365295,0.8773364424705505,0.7716049551963806,0.6476684212684631,125.0,626.0,37.0,68.0,0.436150461435318,0.8604651093482971,0.7142857313156128,0.5555555820465088,25.0,160.0,10.0,20.0
205,0.4261191785335541,0.8761682510375977,0.7735849022865295,0.6373056769371033,123.0,627.0,36.0,70.0,0.436150461435318,0.8604651093482971,0.7142857313156128,0.5555555820465088,25.0,160.0,10.0,20.0
206,0.42831188440322876,0.8785046935081482,0.7947019934654236,0.621761679649353,120.0,632.0,31.0,73.0,0.43615320324897766,0.8604651093482971,0.7142857313156128,0.5555555820465088,25.0,160.0,10.0,20.0
207,0.4257948398590088,0.8843457698822021,0.8012820482254028,0.6476684212684631,125.0,632.0,31.0,68.0,0.4360751211643219,0.8604651093482971,0.7142857313156128,0.5555555820465088,25.0,160.0,10.0,20.0
208,0.4265923500061035,0.8761682510375977,0.7806451320648193,0.6269429922103882,121.0,629.0,34.0,72.0,0.4360537827014923,0.8604651093482971,0.7142857313156128,0.5555555820465088,25.0,160.0,10.0,20.0
209,0.4300082325935364,0.8878504633903503,0.8012422323226929,0.6683937907218933,129.0,631.0,32.0,64.0,0.4360537528991699,0.8604651093482971,0.7142857313156128,0.5555555820465088,25.0,160.0,10.0,20.0
210,0.4315740764141083,0.8714953064918518,0.7677419185638428,0.6165803074836731,119.0,627.0,36.0,74.0,0.4360961616039276,0.8604651093482971,0.7142857313156128,0.5555555820465088,25.0,160.0,10.0,20.0
211,0.43233436346054077,0.8726635575294495,0.7727272510528564,0.6165803074836731,119.0,628.0,35.0,74.0,0.43608105182647705,0.8604651093482971,0.7142857313156128,0.5555555820465088,25.0,160.0,10.0,20.0
212,0.4238889515399933,0.8726635575294495,0.7658227682113647,0.6269429922103882,121.0,626.0,37.0,72.0,0.43610048294067383,0.8604651093482971,0.7142857313156128,0.5555555820465088,25.0,160.0,10.0,20.0
213,0.4259854853153229,0.8761682510375977,0.7735849022865295,0.6373056769371033,123.0,627.0,36.0,70.0,0.43614619970321655,0.8604651093482971,0.7142857313156128,0.5555555820465088,25.0,160.0,10.0,20.0
214,0.4226234555244446,0.8773364424705505,0.7820512652397156,0.6321243643760681,122.0,629.0,34.0,71.0,0.4361506700515747,0.8604651093482971,0.7142857313156128,0.5555555820465088,25.0,160.0,10.0,20.0
215,0.4295889139175415,0.8668224215507507,0.7548387050628662,0.606217622756958,117.0,625.0,38.0,76.0,0.43614158034324646,0.8604651093482971,0.7142857313156128,0.5555555820465088,25.0,160.0,10.0,20.0
216,0.424826055765152,0.8843457698822021,0.8092105388641357,0.6373056769371033,123.0,634.0,29.0,70.0,0.436146080493927,0.8604651093482971,0.7142857313156128,0.5555555820465088,25.0,160.0,10.0,20.0
217,0.4301894009113312,0.8703271150588989,0.7697368264198303,0.606217622756958,117.0,628.0,35.0,76.0,0.43613123893737793,0.8604651093482971,0.7142857313156128,0.5555555820465088,25.0,160.0,10.0,20.0
218,0.4239267408847809,0.8808411359786987,0.7861635088920593,0.6476684212684631,125.0,629.0,34.0,68.0,0.4361121356487274,0.8604651093482971,0.7142857313156128,0.5555555820465088,25.0,160.0,10.0,20.0
219,0.42509570717811584,0.8796728849411011,0.7884615659713745,0.6373056769371033,123.0,630.0,33.0,70.0,0.43610382080078125,0.8604651093482971,0.7142857313156128,0.5555555820465088,25.0,160.0,10.0,20.0
220,0.42998307943344116,0.8691588640213013,0.7718120813369751,0.5958549380302429,115.0,629.0,34.0,78.0,0.43603548407554626,0.8604651093482971,0.7142857313156128,0.5555555820465088,25.0,160.0,10.0,20.0
221,0.42873531579971313,0.8738317489624023,0.7891156673431396,0.6010362505912781,116.0,632.0,31.0,77.0,0.43601855635643005,0.8604651093482971,0.7142857313156128,0.5555555820465088,25.0,160.0,10.0,20.0
222,0.4240415394306183,0.8808411359786987,0.7757575511932373,0.6632124185562134,128.0,626.0,37.0,65.0,0.4360664188861847,0.8604651093482971,0.7142857313156128,0.5555555820465088,25.0,160.0,10.0,20.0
223,0.42664530873298645,0.8796728849411011,0.7922077775001526,0.6321243643760681,122.0,631.0,32.0,71.0,0.43606579303741455,0.8604651093482971,0.7142857313156128,0.5555555820465088,25.0,160.0,10.0,20.0
224,0.42454299330711365,0.8796728849411011,0.800000011920929,0.621761679649353,120.0,633.0,30.0,73.0,0.4361293613910675,0.8604651093482971,0.7142857313156128,0.5555555820465088,25.0,160.0,10.0,20.0
225,0.42812368273735046,0.8726635575294495,0.7763158082962036,0.6113989353179932,118.0,629.0,34.0,75.0,0.436113566160202,0.8604651093482971,0.7142857313156128,0.5555555820465088,25.0,160.0,10.0,20.0
226,0.4254723787307739,0.8808411359786987,0.7861635088920593,0.6476684212684631,125.0,629.0,34.0,68.0,0.4360608458518982,0.8604651093482971,0.7142857313156128,0.5555555820465088,25.0,160.0,10.0,20.0
227,0.4234088659286499,0.8785046935081482,0.7834395170211792,0.6373056769371033,123.0,629.0,34.0,70.0,0.43612274527549744,0.8604651093482971,0.7142857313156128,0.5555555820465088,25.0,160.0,10.0,20.0
228,0.4303986430168152,0.8679906725883484,0.7597402334213257,0.606217622756958,117.0,626.0,37.0,76.0,0.43611958622932434,0.8604651093482971,0.7142857313156128,0.5555555820465088,25.0,160.0,10.0,20.0
229,0.430531769990921,0.8761682510375977,0.7843137383460999,0.621761679649353,120.0,630.0,33.0,73.0,0.4361177086830139,0.8604651093482971,0.7142857313156128,0.5555555820465088,25.0,160.0,10.0,20.0
230,0.4272496998310089,0.8738317489624023,0.774193525314331,0.621761679649353,120.0,628.0,35.0,73.0,0.436136931180954,0.8604651093482971,0.7142857313156128,0.5555555820465088,25.0,160.0,10.0,20.0
231,0.425981730222702,0.875,0.7756410241127014,0.6269429922103882,121.0,628.0,35.0,72.0,0.43612951040267944,0.8604651093482971,0.7142857313156128,0.5555555820465088,25.0,160.0,10.0,20.0
232,0.4300079047679901,0.875,0.7756410241127014,0.6269429922103882,121.0,628.0,35.0,72.0,0.4361875355243683,0.8604651093482971,0.7142857313156128,0.5555555820465088,25.0,160.0,10.0,20.0
233,0.4284384548664093,0.8878504633903503,0.8129032254219055,0.6528497338294983,126.0,634.0,29.0,67.0,0.43614983558654785,0.8604651093482971,0.7142857313156128,0.5555555820465088,25.0,160.0,10.0,20.0
234,0.4283009469509125,0.8726635575294495,0.7692307829856873,0.621761679649353,120.0,627.0,36.0,73.0,0.4361553192138672,0.8604651093482971,0.7142857313156128,0.5555555820465088,25.0,160.0,10.0,20.0
235,0.4253810942173004,0.8738317489624023,0.7672955989837646,0.6321243643760681,122.0,626.0,37.0,71.0,0.43615302443504333,0.8604651093482971,0.7142857313156128,0.5555555820465088,25.0,160.0,10.0,20.0
236,0.42970308661460876,0.875,0.7721518874168396,0.6321243643760681,122.0,627.0,36.0,71.0,0.4361441731452942,0.8604651093482971,0.7142857313156128,0.5555555820465088,25.0,160.0,10.0,20.0
237,0.4268729090690613,0.8738317489624023,0.7639751434326172,0.6373056769371033,123.0,625.0,38.0,70.0,0.43615850806236267,0.8604651093482971,0.7142857313156128,0.5555555820465088,25.0,160.0,10.0,20.0
238,0.4281345307826996,0.8738317489624023,0.7707006335258484,0.6269429922103882,121.0,627.0,36.0,72.0,0.43614593148231506,0.8604651093482971,0.7142857313156128,0.5555555820465088,25.0,160.0,10.0,20.0
239,0.43226274847984314,0.8656542301177979,0.7599999904632568,0.590673565864563,114.0,627.0,36.0,79.0,0.43615925312042236,0.8604651093482971,0.7142857313156128,0.5555555820465088,25.0,160.0,10.0,20.0
240,0.42721474170684814,0.8726635575294495,0.7658227682113647,0.6269429922103882,121.0,626.0,37.0,72.0,0.4361518621444702,0.8604651093482971,0.7142857313156128,0.5555555820465088,25.0,160.0,10.0,20.0
241,0.4264628291130066,0.8738317489624023,0.7814569473266602,0.6113989353179932,118.0,630.0,33.0,75.0,0.4361548125743866,0.8604651093482971,0.7142857313156128,0.5555555820465088,25.0,160.0,10.0,20.0
242,0.4282366931438446,0.8738317489624023,0.7777777910232544,0.6165803074836731,119.0,629.0,34.0,74.0,0.43612393736839294,0.8604651093482971,0.7142857313156128,0.5555555820465088,25.0,160.0,10.0,20.0
243,0.42311498522758484,0.8855140209197998,0.7987421154975891,0.6580311059951782,127.0,631.0,32.0,66.0,0.4360792338848114,0.8604651093482971,0.7142857313156128,0.5555555820465088,25.0,160.0,10.0,20.0
244,0.42540884017944336,0.875,0.7721518874168396,0.6321243643760681,122.0,627.0,36.0,71.0,0.4360957443714142,0.8604651093482971,0.7142857313156128,0.5555555820465088,25.0,160.0,10.0,20.0
245,0.42490658164024353,0.875,0.768750011920929,0.6373056769371033,123.0,626.0,37.0,70.0,0.43607959151268005,0.8604651093482971,0.7142857313156128,0.5555555820465088,25.0,160.0,10.0,20.0
246,0.4276212453842163,0.8831775784492493,0.7961783409118652,0.6476684212684631,125.0,631.0,32.0,68.0,0.43605247139930725,0.8604651093482971,0.7142857313156128,0.5555555820465088,25.0,160.0,10.0,20.0
247,0.4239928722381592,0.8773364424705505,0.7784810066223145,0.6373056769371033,123.0,628.0,35.0,70.0,0.4360847771167755,0.8604651093482971,0.7142857313156128,0.5555555820465088,25.0,160.0,10.0,20.0
248,0.4250873625278473,0.8796728849411011,0.7884615659713745,0.6373056769371033,123.0,630.0,33.0,70.0,0.4361293911933899,0.8604651093482971,0.7142857313156128,0.5555555820465088,25.0,160.0,10.0,20.0
249,0.4274977445602417,0.875,0.7828947305679321,0.6165803074836731,119.0,630.0,33.0,74.0,0.43611398339271545,0.8604651093482971,0.7142857313156128,0.5555555820465088,25.0,160.0,10.0,20.0
250,0.42683646082878113,0.8820093274116516,0.8150684833526611,0.6165803074836731,119.0,636.0,27.0,74.0,0.43613263964653015,0.8604651093482971,0.7142857313156128,0.5555555820465088,25.0,160.0,10.0,20.0
251,0.42771366238594055,0.8820093274116516,0.8066666722297668,0.6269429922103882,121.0,634.0,29.0,72.0,0.43611758947372437,0.8604651093482971,0.7142857313156128,0.5555555820465088,25.0,160.0,10.0,20.0
252,0.4291728138923645,0.8808411359786987,0.8053691387176514,0.621761679649353,120.0,634.0,29.0,73.0,0.43608248233795166,0.8604651093482971,0.7142857313156128,0.5555555820465088,25.0,160.0,10.0,20.0
253,0.4291374683380127,0.8726635575294495,0.7799999713897705,0.606217622756958,117.0,630.0,33.0,76.0,0.4361144006252289,0.8604651093482971,0.7142857313156128,0.5555555820465088,25.0,160.0,10.0,20.0
254,0.4292074143886566,0.8773364424705505,0.7820512652397156,0.6321243643760681,122.0,629.0,34.0,71.0,0.4360966980457306,0.8604651093482971,0.7142857313156128,0.5555555820465088,25.0,160.0,10.0,20.0
255,0.4280795156955719,0.8656542301177979,0.746835470199585,0.6113989353179932,118.0,623.0,40.0,75.0,0.4360502064228058,0.8604651093482971,0.7142857313156128,0.5555555820465088,25.0,160.0,10.0,20.0
256,0.42835232615470886,0.8726635575294495,0.7692307829856873,0.621761679649353,120.0,627.0,36.0,73.0,0.43603014945983887,0.8604651093482971,0.7142857313156128,0.5555555820465088,25.0,160.0,10.0,20.0
257,0.42618781328201294,0.8761682510375977,0.7843137383460999,0.621761679649353,120.0,630.0,33.0,73.0,0.4360995292663574,0.8604651093482971,0.7142857313156128,0.5555555820465088,25.0,160.0,10.0,20.0
258,0.4257082939147949,0.875,0.7756410241127014,0.6269429922103882,121.0,628.0,35.0,72.0,0.43612971901893616,0.8604651093482971,0.7142857313156128,0.5555555820465088,25.0,160.0,10.0,20.0
259,0.4255063533782959,0.875,0.7866666913032532,0.6113989353179932,118.0,631.0,32.0,75.0,0.43610337376594543,0.8604651093482971,0.7142857313156128,0.5555555820465088,25.0,160.0,10.0,20.0
260,0.428433358669281,0.8761682510375977,0.7701863646507263,0.6424870491027832,124.0,626.0,37.0,69.0,0.43611279129981995,0.8604651093482971,0.7142857313156128,0.5555555820465088,25.0,160.0,10.0,20.0
261,0.42544424533843994,0.8738317489624023,0.7852349281311035,0.606217622756958,117.0,631.0,32.0,76.0,0.43610554933547974,0.8604651093482971,0.7142857313156128,0.5555555820465088,25.0,160.0,10.0,20.0
262,0.42403191328048706,0.8761682510375977,0.7806451320648193,0.6269429922103882,121.0,629.0,34.0,72.0,0.43606752157211304,0.8604651093482971,0.7142857313156128,0.5555555820465088,25.0,160.0,10.0,20.0
263,0.4268873333930969,0.8785046935081482,0.7870967984199524,0.6321243643760681,122.0,630.0,33.0,71.0,0.43612775206565857,0.8604651093482971,0.7142857313156128,0.5555555820465088,25.0,160.0,10.0,20.0
264,0.4264686107635498,0.8773364424705505,0.7716049551963806,0.6476684212684631,125.0,626.0,37.0,68.0,0.4361667335033417,0.8604651093482971,0.7142857313156128,0.5555555820465088,25.0,160.0,10.0,20.0
265,0.4323137104511261,0.8656542301177979,0.75,0.606217622756958,117.0,624.0,39.0,76.0,0.43610164523124695,0.8604651093482971,0.7142857313156128,0.5555555820465088,25.0,160.0,10.0,20.0
266,0.4254063665866852,0.8738317489624023,0.774193525314331,0.621761679649353,120.0,628.0,35.0,73.0,0.4360949397087097,0.8604651093482971,0.7142857313156128,0.5555555820465088,25.0,160.0,10.0,20.0
267,0.4298952519893646,0.8796728849411011,0.7848101258277893,0.6424870491027832,124.0,629.0,34.0,69.0,0.4361097514629364,0.8604651093482971,0.7142857313156128,0.5555555820465088,25.0,160.0,10.0,20.0
268,0.42773351073265076,0.8738317489624023,0.7814569473266602,0.6113989353179932,118.0,630.0,33.0,75.0,0.4360663890838623,0.8604651093482971,0.7142857313156128,0.5555555820465088,25.0,160.0,10.0,20.0
269,0.4302981495857239,0.8691588640213013,0.7454545497894287,0.6373056769371033,123.0,621.0,42.0,70.0,0.4360741078853607,0.8604651093482971,0.7142857313156128,0.5555555820465088,25.0,160.0,10.0,20.0
270,0.42741453647613525,0.8785046935081482,0.7947019934654236,0.621761679649353,120.0,632.0,31.0,73.0,0.43610644340515137,0.8604651093482971,0.7142857313156128,0.5555555820465088,25.0,160.0,10.0,20.0
271,0.4273711144924164,0.8679906725883484,0.7469135522842407,0.6269429922103882,121.0,622.0,41.0,72.0,0.43613317608833313,0.8604651093482971,0.7142857313156128,0.5555555820465088,25.0,160.0,10.0,20.0
272,0.4251159131526947,0.8738317489624023,0.7672955989837646,0.6321243643760681,122.0,626.0,37.0,71.0,0.4361274242401123,0.8604651093482971,0.7142857313156128,0.5555555820465088,25.0,160.0,10.0,20.0
273,0.4261077046394348,0.875,0.7756410241127014,0.6269429922103882,121.0,628.0,35.0,72.0,0.4361324608325958,0.8604651093482971,0.7142857313156128,0.5555555820465088,25.0,160.0,10.0,20.0
274,0.4309943616390228,0.8703271150588989,0.7733333110809326,0.6010362505912781,116.0,629.0,34.0,77.0,0.43617862462997437,0.8604651093482971,0.7142857313156128,0.5555555820465088,25.0,160.0,10.0,20.0
275,0.42912471294403076,0.8726635575294495,0.7727272510528564,0.6165803074836731,119.0,628.0,35.0,74.0,0.4361424744129181,0.8604651093482971,0.7142857313156128,0.5555555820465088,25.0,160.0,10.0,20.0
276,0.4243549406528473,0.8855140209197998,0.7987421154975891,0.6580311059951782,127.0,631.0,32.0,66.0,0.43612873554229736,0.8604651093482971,0.7142857313156128,0.5555555820465088,25.0,160.0,10.0,20.0
277,0.4217768907546997,0.8808411359786987,0.7935484051704407,0.6373056769371033,123.0,631.0,32.0,70.0,0.4361041486263275,0.8604651093482971,0.7142857313156128,0.5555555820465088,25.0,160.0,10.0,20.0
278,0.428935170173645,0.8703271150588989,0.7697368264198303,0.606217622756958,117.0,628.0,35.0,76.0,0.43612393736839294,0.8604651093482971,0.7142857313156128,0.5555555820465088,25.0,160.0,10.0,20.0
279,0.4260176420211792,0.8761682510375977,0.7701863646507263,0.6424870491027832,124.0,626.0,37.0,69.0,0.4360805153846741,0.8604651093482971,0.7142857313156128,0.5555555820465088,25.0,160.0,10.0,20.0
280,0.43020835518836975,0.8808411359786987,0.7898089289665222,0.6424870491027832,124.0,630.0,33.0,69.0,0.4361451268196106,0.8604651093482971,0.7142857313156128,0.5555555820465088,25.0,160.0,10.0,20.0
281,0.42608264088630676,0.8785046935081482,0.7947019934654236,0.621761679649353,120.0,632.0,31.0,73.0,0.4360886812210083,0.8604651093482971,0.7142857313156128,0.5555555820465088,25.0,160.0,10.0,20.0
282,0.4280969798564911,0.8773364424705505,0.7894737124443054,0.621761679649353,120.0,631.0,32.0,73.0,0.4361177682876587,0.8604651093482971,0.7142857313156128,0.5555555820465088,25.0,160.0,10.0,20.0
283,0.4359152019023895,0.8656542301177979,0.7437499761581421,0.6165803074836731,119.0,622.0,41.0,74.0,0.4361065626144409,0.8604651093482971,0.7142857313156128,0.5555555820465088,25.0,160.0,10.0,20.0
284,0.42951658368110657,0.8691588640213013,0.7612903118133545,0.6113989353179932,118.0,626.0,37.0,75.0,0.43609896302223206,0.8604651093482971,0.7142857313156128,0.5555555820465088,25.0,160.0,10.0,20.0
285,0.42945146560668945,0.8691588640213013,0.7547169923782349,0.621761679649353,120.0,624.0,39.0,73.0,0.4360709488391876,0.8604651093482971,0.7142857313156128,0.5555555820465088,25.0,160.0,10.0,20.0
286,0.4237053692340851,0.8866822719573975,0.800000011920929,0.6632124185562134,128.0,631.0,32.0,65.0,0.4360603392124176,0.8604651093482971,0.7142857313156128,0.5555555820465088,25.0,160.0,10.0,20.0
287,0.4267665445804596,0.8785046935081482,0.7834395170211792,0.6373056769371033,123.0,629.0,34.0,70.0,0.4360909163951874,0.8604651093482971,0.7142857313156128,0.5555555820465088,25.0,160.0,10.0,20.0
288,0.43451619148254395,0.8691588640213013,0.7647058963775635,0.606217622756958,117.0,627.0,36.0,76.0,0.43608927726745605,0.8604651093482971,0.7142857313156128,0.5555555820465088,25.0,160.0,10.0,20.0
289,0.43055781722068787,0.8703271150588989,0.7662337422370911,0.6113989353179932,118.0,627.0,36.0,75.0,0.436066597700119,0.8604651093482971,0.7142857313156128,0.5555555820465088,25.0,160.0,10.0,20.0
290,0.43080469965934753,0.8831775784492493,0.7818182110786438,0.6683937907218933,129.0,627.0,36.0,64.0,0.4360883831977844,0.8604651093482971,0.7142857313156128,0.5555555820465088,25.0,160.0,10.0,20.0
291,0.42767345905303955,0.8738317489624023,0.774193525314331,0.621761679649353,120.0,628.0,35.0,73.0,0.4360528588294983,0.8604651093482971,0.7142857313156128,0.5555555820465088,25.0,160.0,10.0,20.0
292,0.4257928133010864,0.8785046935081482,0.7798742055892944,0.6424870491027832,124.0,628.0,35.0,69.0,0.43607428669929504,0.8604651093482971,0.7142857313156128,0.5555555820465088,25.0,160.0,10.0,20.0
293,0.42429792881011963,0.8773364424705505,0.7972972989082336,0.6113989353179932,118.0,633.0,30.0,75.0,0.43607500195503235,0.8604651093482971,0.7142857313156128,0.5555555820465088,25.0,160.0,10.0,20.0
294,0.4291653037071228,0.8726635575294495,0.7763158082962036,0.6113989353179932,118.0,629.0,34.0,75.0,0.43604227900505066,0.8604651093482971,0.7142857313156128,0.5555555820465088,25.0,160.0,10.0,20.0
295,0.4260907769203186,0.8773364424705505,0.7784810066223145,0.6373056769371033,123.0,628.0,35.0,70.0,0.43607351183891296,0.8604651093482971,0.7142857313156128,0.5555555820465088,25.0,160.0,10.0,20.0
296,0.4316678047180176,0.8785046935081482,0.7870967984199524,0.6321243643760681,122.0,630.0,33.0,71.0,0.43610817193984985,0.8604651093482971,0.7142857313156128,0.5555555820465088,25.0,160.0,10.0,20.0
297,0.42895302176475525,0.8691588640213013,0.7647058963775635,0.606217622756958,117.0,627.0,36.0,76.0,0.4360710084438324,0.8604651093482971,0.7142857313156128,0.5555555820465088,25.0,160.0,10.0,20.0
298,0.4291451573371887,0.8808411359786987,0.782608687877655,0.6528497338294983,126.0,628.0,35.0,67.0,0.4360499680042267,0.8604651093482971,0.7142857313156128,0.5555555820465088,25.0,160.0,10.0,20.0
299,0.4286547601222992,0.8726635575294495,0.7658227682113647,0.6269429922103882,121.0,626.0,37.0,72.0,0.43603697419166565,0.8604651093482971,0.7142857313156128,0.5555555820465088,25.0,160.0,10.0,20.0
